PassengerId,Survived,Pclass,Sex,Family_Survival,Baby,Lost child,IsWomanOrBaby,FamilySize,FareBin_Code,AgeBin_Code
1,0.0,3,0,0.5,0,0.0,0,1,0,0
2,1.0,1,1,0.5,0,0.0,1,1,4,3
3,1.0,3,1,0.5,0,0.0,1,0,1,1
4,1.0,1,1,0.0,0,0.0,1,1,4,2
5,0.0,3,0,0.5,0,0.0,0,0,1,2
6,0.0,3,0,0.5,0,0.0,0,0,1,1
7,0.0,1,0,0.5,0,0.0,0,0,4,3
8,0.0,3,0,0.0,1,2.0,1,4,2,0
9,1.0,3,1,1.0,0,0.0,1,2,2,1
10,1.0,2,1,0.0,0,0.0,1,1,3,0
11,1.0,3,1,1.0,1,0.0,1,2,2,0
12,1.0,1,1,0.5,0,0.0,1,0,3,3
13,0.0,3,0,0.5,0,0.0,0,0,1,0
14,0.0,3,0,0.0,0,0.0,0,6,3,3
15,0.0,3,1,0.5,0,0.0,1,0,0,0
16,1.0,2,1,0.5,0,0.0,1,0,2,3
17,0.0,3,0,0.0,1,2.6666666666666665,1,5,3,0
18,1.0,2,0,0.5,0,0.0,0,0,2,1
19,0.0,3,1,0.0,0,0.0,1,1,2,2
20,1.0,3,1,0.5,0,0.0,1,0,0,2
21,0.0,2,0,0.0,0,0.0,0,0,3,2
22,1.0,2,0,0.5,0,0.0,0,0,2,2
23,1.0,3,1,0.5,0,0.0,1,0,1,0
24,1.0,1,0,0.5,0,0.0,0,0,3,1
25,0.0,3,1,0.0,0,0.0,1,4,2,0
26,1.0,3,1,1.0,0,0.0,1,6,3,3
27,0.0,3,0,0.5,0,0.0,0,0,0,1
28,0.0,1,0,1.0,0,0.0,0,5,4,0
29,1.0,3,1,0.5,0,0.0,1,0,1,0
30,0.0,3,0,0.5,0,0.0,0,0,1,1
31,0.0,1,0,0.5,0,0.0,0,0,3,3
32,1.0,1,1,1.0,0,0.0,1,1,4,2
33,1.0,3,1,0.5,0,0.0,1,0,0,0
34,0.0,2,0,0.5,0,0.0,0,0,1,3
35,0.0,1,0,1.0,0,0.0,0,1,4,1
36,0.0,1,0,1.0,0,0.0,0,1,4,3
37,1.0,3,0,0.5,0,0.0,0,0,0,1
38,0.0,3,0,0.5,0,0.0,0,0,1,0
39,0.0,3,1,0.0,0,0.0,1,2,2,0
40,1.0,3,1,1.0,0,0.0,1,1,2,0
41,0.0,3,1,0.5,0,0.0,1,1,1,3
42,0.0,2,1,0.0,0,0.0,1,1,2,1
43,0.0,3,0,0.5,0,0.0,0,0,1,1
44,1.0,2,1,1.0,1,0.0,1,3,3,0
45,1.0,3,1,0.5,0,0.0,1,0,1,0
46,0.0,3,0,0.5,0,0.0,0,0,1,1
47,0.0,3,0,0.5,0,0.0,0,1,2,1
48,1.0,3,1,0.5,0,0.0,1,0,0,0
49,0.0,3,0,0.5,0,0.0,0,2,3,1
50,0.0,3,1,0.0,0,0.0,1,1,2,0
51,0.0,3,0,0.0,0,2.6666666666666665,1,5,3,0
52,0.0,3,0,0.5,0,0.0,0,0,0,0
53,1.0,1,1,1.0,0,0.0,1,1,4,3
54,1.0,2,1,0.5,0,0.0,1,1,3,1
55,0.0,1,0,0.5,0,0.0,0,1,4,3
56,1.0,1,0,0.5,0,0.0,0,0,3,1
57,1.0,2,1,0.5,0,0.0,1,0,1,0
58,0.0,3,0,0.5,0,0.0,0,0,0,1
59,1.0,2,1,1.0,1,0.0,1,3,3,0
60,0.0,3,0,0.0,0,2.0,1,7,4,0
61,0.0,3,0,0.5,0,0.0,0,0,0,0
62,1.0,1,1,1.0,0,0.0,1,0,4,3
63,0.0,1,0,1.0,0,0.0,0,1,4,3
64,0.0,3,0,0.0,1,1.2,1,5,3,0
65,0.0,1,0,0.5,0,0.0,0,0,3,1
66,1.0,3,0,1.0,1,0.6666666666666666,1,2,2,0
67,1.0,2,1,0.5,0,0.0,1,0,1,1
68,0.0,3,0,0.5,0,0.0,0,0,1,0
69,1.0,3,1,0.5,0,0.0,1,6,1,0
70,0.0,3,0,0.5,0,0.0,0,2,1,1
71,0.0,2,0,0.5,0,0.0,0,0,1,2
72,0.0,3,1,0.0,0,0.0,1,7,4,0
73,0.0,2,0,0.0,0,0.0,0,0,4,0
74,0.0,3,0,0.5,0,0.0,0,1,2,1
75,1.0,3,0,1.0,0,0.0,0,0,4,2
76,0.0,3,0,0.5,0,0.0,0,0,0,1
77,0.0,3,0,0.5,0,0.0,0,0,1,1
78,0.0,3,0,0.5,0,0.0,0,0,1,1
79,1.0,2,0,1.0,1,0.0,1,2,3,0
80,1.0,3,1,1.0,0,0.0,1,0,2,1
81,0.0,3,0,0.5,0,0.0,0,0,1,0
82,1.0,3,0,0.5,0,0.0,0,0,1,1
83,1.0,3,1,0.5,0,0.0,1,0,0,0
84,0.0,1,0,0.5,0,0.0,0,0,4,1
85,1.0,2,1,0.5,0,0.0,1,0,1,0
86,1.0,3,1,0.0,0,0.0,1,3,2,2
87,0.0,3,0,0.0,0,0.0,0,4,3,0
88,0.0,3,0,0.5,0,0.0,0,0,1,1
89,1.0,1,1,1.0,0,0.0,1,5,4,1
90,0.0,3,0,0.5,0,0.0,0,0,1,1
91,0.0,3,0,0.5,0,0.0,0,0,1,1
92,0.0,3,0,0.5,0,0.0,0,0,0,0
93,0.0,1,0,0.5,0,0.0,0,1,4,3
94,0.0,3,0,1.0,0,0.0,0,3,2,1
95,0.0,3,0,0.5,0,0.0,0,0,0,3
96,0.0,3,0,0.5,0,0.0,0,0,1,1
97,0.0,1,0,0.5,0,0.0,0,0,3,3
98,1.0,1,0,0.5,0,0.0,0,1,4,1
99,1.0,2,1,1.0,0,0.0,1,1,3,2
100,0.0,2,0,1.0,0,0.0,0,1,3,2
101,0.0,3,1,0.5,0,0.0,1,0,1,1
102,0.0,3,0,0.0,0,0.0,0,0,1,1
103,0.0,1,0,0.0,0,0.0,0,1,4,0
104,0.0,3,0,0.5,0,0.0,0,0,1,2
105,0.0,3,0,0.0,0,0.0,0,2,1,3
106,0.0,3,0,0.5,0,0.0,0,0,1,1
107,1.0,3,1,0.5,0,0.0,1,0,0,0
108,1.0,3,0,0.5,0,0.0,0,0,0,1
109,0.0,3,0,0.5,0,0.0,0,0,1,3
110,1.0,3,1,0.0,0,0.0,1,1,3,0
111,0.0,1,0,0.0,0,0.0,0,0,4,3
112,0.0,3,1,0.0,0,0.0,1,1,2,0
113,0.0,3,0,0.5,0,0.0,0,0,1,0
114,0.0,3,1,0.0,0,0.0,1,1,1,0
115,0.0,3,1,0.0,0,0.0,1,0,2,0
116,0.0,3,0,0.5,0,0.0,0,0,1,0
117,0.0,3,0,0.5,0,0.0,0,0,0,3
118,0.0,2,0,0.0,0,0.0,0,1,2,1
119,0.0,1,0,1.0,0,0.0,0,1,4,1
120,0.0,3,1,0.0,1,0.0,1,6,3,0
121,0.0,2,0,0.0,0,0.0,0,2,4,0
122,0.0,3,0,0.5,0,0.0,0,0,1,1
123,0.0,2,0,1.0,0,0.0,0,1,3,2
124,1.0,2,1,0.5,0,0.0,1,0,2,2
125,0.0,1,0,0.0,0,0.0,0,1,4,3
126,1.0,3,0,1.0,0,2.0,1,1,2,0
127,0.0,3,0,0.5,0,0.0,0,0,0,1
128,1.0,3,0,0.5,0,0.0,0,0,0,1
129,1.0,3,1,1.0,0,0.0,1,2,3,0
130,0.0,3,0,0.5,0,0.0,0,0,0,3
131,0.0,3,0,0.5,0,0.0,0,0,1,2
132,0.0,3,0,0.5,0,0.0,0,0,0,0
133,0.0,3,1,0.5,0,0.0,1,1,2,3
134,1.0,2,1,0.5,0,0.0,1,1,3,1
135,0.0,2,0,0.5,0,0.0,0,0,2,1
136,0.0,2,0,0.5,0,0.0,0,0,2,1
137,1.0,1,1,0.5,0,0.0,1,2,3,0
138,0.0,1,0,1.0,0,0.0,0,1,4,3
139,0.0,3,0,0.0,0,0.0,0,0,1,0
140,0.0,1,0,0.0,0,0.0,0,0,4,1
141,0.0,3,1,0.0,0,0.0,1,2,2,2
142,1.0,3,1,0.5,0,0.0,1,0,0,0
143,1.0,3,1,0.0,0,0.0,1,1,2,1
144,0.0,3,0,0.5,0,0.0,0,0,0,0
145,0.0,2,0,0.5,0,0.0,0,0,2,0
146,0.0,2,0,1.0,0,0.0,0,2,3,0
147,1.0,3,0,0.5,0,0.0,0,0,0,1
148,0.0,3,1,0.0,0,0.0,1,4,3,0
149,0.0,2,0,1.0,0,0.0,0,2,3,3
150,0.0,2,0,0.5,0,0.0,0,0,2,3
151,0.0,2,0,0.5,0,0.0,0,0,2,3
152,1.0,1,1,0.0,0,0.0,1,1,4,0
153,0.0,3,0,0.5,0,0.0,0,0,1,3
154,0.0,3,0,0.5,0,0.0,0,2,2,3
155,0.0,3,0,0.5,0,0.0,0,0,0,1
156,0.0,1,0,0.5,0,0.0,0,1,4,3
157,1.0,3,1,0.5,0,0.0,1,0,0,0
158,0.0,3,0,0.5,0,0.0,0,0,1,1
159,0.0,3,0,0.5,0,0.0,0,0,1,1
160,0.0,3,0,0.0,1,3.2,1,10,4,0
161,0.0,3,0,0.5,0,0.0,0,1,2,3
162,1.0,2,1,0.5,0,0.0,1,0,2,3
163,0.0,3,0,0.5,0,0.0,0,0,0,1
164,0.0,3,0,0.0,0,0.0,0,0,1,0
165,0.0,3,0,0.0,1,2.6666666666666665,1,5,3,0
166,1.0,3,0,1.0,0,0.0,1,2,2,0
167,1.0,1,1,1.0,0,0.0,1,1,4,2
168,0.0,3,1,0.0,0,0.0,1,5,3,3
169,0.0,1,0,0.5,0,0.0,0,0,3,1
170,0.0,3,0,1.0,0,0.0,0,0,4,1
171,0.0,1,0,0.5,0,0.0,0,0,3,3
172,0.0,3,0,0.0,1,2.6666666666666665,1,5,3,0
173,1.0,3,1,1.0,1,0.0,1,2,2,0
174,0.0,3,0,0.5,0,0.0,0,0,1,0
175,0.0,1,0,0.5,0,0.0,0,0,3,3
176,0.0,3,0,0.5,0,0.0,0,2,0,0
177,0.0,3,0,0.0,1,2.0,1,4,3,0
178,0.0,1,1,0.5,0,0.0,1,0,3,3
179,0.0,2,0,0.5,0,0.0,0,0,2,1
180,0.0,3,0,1.0,0,0.0,0,0,0,2
181,0.0,3,1,0.0,0,0.0,1,10,4,0
182,0.0,2,0,0.5,0,0.0,0,0,2,1
183,0.0,3,0,1.0,0,1.6,1,6,3,0
184,1.0,2,0,1.0,1,1.3333333333333333,1,3,3,0
185,1.0,3,1,0.5,1,0.0,1,2,3,0
186,0.0,1,0,0.5,0,0.0,0,0,4,1
187,1.0,3,1,0.0,0,0.0,1,1,2,2
188,1.0,1,0,0.5,0,0.0,0,0,3,3
189,0.0,3,0,0.0,0,0.0,0,2,2,3
190,0.0,3,0,0.5,0,0.0,0,0,1,2
191,1.0,2,1,0.5,0,0.0,1,0,2,2
192,0.0,2,0,0.5,0,0.0,0,0,2,0
193,1.0,3,1,0.5,0,0.0,1,1,0,0
194,1.0,2,0,1.0,1,0.6666666666666666,1,2,3,0
195,1.0,1,1,0.5,0,0.0,1,0,3,3
196,1.0,1,1,1.0,0,0.0,1,0,4,3
197,0.0,3,0,0.5,0,0.0,0,0,0,1
198,0.0,3,0,0.5,0,0.0,0,1,1,3
199,1.0,3,1,0.5,0,0.0,1,0,0,0
200,0.0,2,1,0.5,0,0.0,1,0,2,1
201,0.0,3,0,0.5,0,0.0,0,0,1,1
202,0.0,3,0,0.0,0,0.0,0,10,4,1
203,0.0,3,0,0.5,0,0.0,0,0,0,2
204,0.0,3,0,0.5,0,0.0,0,0,0,3
205,1.0,3,0,0.5,0,0.0,0,0,1,0
206,0.0,3,1,0.0,1,0.0,1,1,1,0
207,0.0,3,0,1.0,0,0.0,0,1,2,2
208,1.0,3,0,0.0,0,0.0,0,0,2,1
209,1.0,3,1,0.5,0,0.0,1,0,0,0
210,1.0,1,0,0.5,0,0.0,0,0,3,3
211,0.0,3,0,0.0,0,0.0,0,0,0,1
212,1.0,2,1,0.5,0,0.0,1,0,2,2
213,0.0,3,0,0.5,0,0.0,0,0,0,0
214,0.0,2,0,0.5,0,0.0,0,0,2,1
215,0.0,3,0,0.5,0,0.0,0,1,0,1
216,1.0,1,1,1.0,0,0.0,1,1,4,2
217,1.0,3,1,0.5,0,0.0,1,0,1,1
218,0.0,2,0,1.0,0,0.0,0,1,3,3
219,1.0,1,1,0.5,0,0.0,1,0,4,2
220,0.0,2,0,1.0,0,0.0,0,0,1,1
221,1.0,3,0,0.5,0,0.0,0,0,1,0
222,0.0,2,0,0.5,0,0.0,0,0,2,1
223,0.0,3,0,0.5,0,0.0,0,0,1,3
224,0.0,3,0,0.5,0,0.0,0,0,1,1
225,1.0,1,0,1.0,0,0.0,0,1,4,3
226,0.0,3,0,0.5,0,0.0,0,0,1,0
227,1.0,2,0,0.5,0,0.0,0,0,1,0
228,0.0,3,0,0.5,0,0.0,0,0,0,0
229,0.0,2,0,0.5,0,0.0,0,0,2,0
230,0.0,3,1,0.0,0,0.0,1,4,3,0
231,1.0,1,1,0.0,0,0.0,1,1,4,2
232,0.0,3,0,0.5,0,0.0,0,0,0,1
233,0.0,2,0,0.5,0,0.0,0,0,2,3
234,1.0,3,1,1.0,1,0.0,1,6,3,0
235,0.0,2,0,0.5,0,0.0,0,0,1,1
236,0.0,3,1,0.5,0,0.0,1,0,0,0
237,0.0,2,0,0.5,0,0.0,0,1,3,3
238,1.0,2,1,1.0,0,0.0,1,2,3,0
239,0.0,2,0,0.5,0,0.0,0,0,1,0
240,0.0,2,0,0.5,0,0.0,0,0,2,2
241,0.0,3,1,0.0,0,0.0,1,1,2,0
242,1.0,3,1,1.0,0,0.0,1,1,2,0
243,0.0,2,0,0.5,0,0.0,0,0,1,1
244,0.0,3,0,0.5,0,0.0,0,0,0,0
245,0.0,3,0,0.5,0,0.0,0,0,0,1
246,0.0,1,0,1.0,0,0.0,0,2,4,3
247,0.0,3,1,0.5,0,0.0,1,0,0,1
248,1.0,2,1,1.0,0,0.0,1,2,2,1
249,1.0,1,0,1.0,0,0.0,0,2,4,3
250,0.0,2,0,0.0,0,0.0,0,1,3,3
251,0.0,3,0,0.5,0,0.0,0,0,0,1
252,0.0,3,1,0.0,0,0.0,1,2,1,1
253,0.0,1,0,0.5,0,0.0,0,0,3,3
254,0.0,3,0,0.0,0,0.0,0,1,2,1
255,0.0,3,1,0.0,0,0.0,1,2,2,3
256,1.0,3,1,0.5,0,0.0,1,2,2,1
257,1.0,1,1,0.5,0,0.0,1,0,4,2
258,1.0,1,1,1.0,0,0.0,1,0,4,1
259,1.0,1,1,1.0,0,0.0,1,0,4,2
260,1.0,2,1,1.0,0,0.0,1,1,3,3
261,0.0,3,0,0.5,0,0.0,0,0,0,1
262,1.0,3,0,1.0,1,1.6,1,6,3,0
263,0.0,1,0,1.0,0,0.0,0,2,4,3
264,0.0,1,0,0.5,0,0.0,0,0,0,3
265,0.0,3,1,0.5,0,0.0,1,0,0,0
266,0.0,2,0,0.5,0,0.0,0,0,1,2
267,0.0,3,0,0.0,0,0.0,0,5,3,0
268,1.0,3,0,0.5,0,0.0,0,1,0,1
269,1.0,1,1,0.0,0,0.0,1,1,4,3
270,1.0,1,1,1.0,0,0.0,1,0,4,2
271,0.0,1,0,1.0,0,0.0,0,0,3,1
272,1.0,3,0,0.0,0,0.0,0,0,0,1
273,1.0,2,1,1.0,0,0.0,1,1,2,3
274,0.0,1,0,0.5,0,0.0,0,1,3,3
275,1.0,3,1,0.5,0,0.0,1,0,0,0
276,1.0,1,1,1.0,0,0.0,1,1,4,3
277,0.0,3,1,0.5,0,0.0,1,0,0,3
278,0.0,2,0,0.0,0,0.0,0,0,0,1
279,0.0,3,0,0.0,0,2.6666666666666665,1,5,3,0
280,1.0,3,1,0.0,0,0.0,1,2,2,2
281,0.0,3,0,0.5,0,0.0,0,0,0,3
282,0.0,3,0,0.0,0,0.0,0,0,0,1
283,0.0,3,0,0.5,0,0.0,0,0,1,0
284,1.0,3,0,0.5,0,0.0,0,0,1,0
285,0.0,1,0,0.5,0,0.0,0,0,3,1
286,0.0,3,0,0.5,0,0.0,0,0,1,2
287,1.0,3,0,0.5,0,0.0,0,0,1,1
288,0.0,3,0,0.5,0,0.0,0,0,1,0
289,1.0,2,0,0.5,0,0.0,0,0,2,3
290,1.0,3,1,0.5,0,0.0,1,0,0,0
291,1.0,1,1,0.0,0,0.0,1,0,4,1
292,1.0,1,1,1.0,0,0.0,1,1,4,0
293,0.0,2,0,0.5,0,0.0,0,0,2,2
294,0.0,3,1,0.5,0,0.0,1,0,1,1
295,0.0,3,0,0.5,0,0.0,0,0,1,1
296,0.0,1,0,0.5,0,0.0,0,0,3,1
297,0.0,3,0,0.5,0,0.0,0,0,0,1
298,0.0,1,1,1.0,1,0.0,1,3,4,0
299,1.0,1,0,0.5,0,0.0,0,0,3,1
300,1.0,1,1,0.0,0,0.0,1,1,4,3
301,1.0,3,1,1.0,0,0.0,1,0,0,0
302,1.0,3,0,1.0,0,0.0,0,2,3,1
303,0.0,3,0,0.0,0,0.0,0,0,0,0
304,1.0,2,1,0.5,0,0.0,1,0,2,0
305,0.0,3,0,0.5,0,0.0,0,0,1,1
306,1.0,1,0,0.0,1,0.4,1,3,4,0
307,1.0,1,1,1.0,0,0.0,1,0,4,0
308,1.0,1,1,0.0,0,0.0,1,1,4,0
309,0.0,2,0,1.0,0,0.0,0,1,3,1
310,1.0,1,1,1.0,0,0.0,1,0,4,1
311,1.0,1,1,1.0,0,0.0,1,0,4,1
312,1.0,1,1,1.0,0,0.0,1,4,4,0
313,0.0,2,1,0.5,0,0.0,1,2,3,1
314,0.0,3,0,0.5,0,0.0,0,0,1,1
315,0.0,2,0,1.0,0,0.0,0,2,3,3
316,1.0,3,1,0.5,0,0.0,1,0,0,1
317,1.0,2,1,0.0,0,0.0,1,1,3,1
318,0.0,2,0,0.5,0,0.0,0,0,2,3
319,1.0,1,1,1.0,0,0.0,1,2,4,2
320,1.0,1,1,1.0,0,0.0,1,2,4,3
321,0.0,3,0,0.5,0,0.0,0,0,0,0
322,0.0,3,0,0.5,0,0.0,0,0,1,1
323,1.0,2,1,0.5,0,0.0,1,0,2,1
324,1.0,2,1,1.0,0,0.0,1,2,3,0
325,0.0,3,0,0.0,0,0.0,0,10,4,1
326,1.0,1,1,1.0,0,0.0,1,0,4,2
327,0.0,3,0,0.5,0,0.0,0,0,0,3
328,1.0,2,1,0.5,0,0.0,1,0,2,2
329,1.0,3,1,1.0,0,0.0,1,2,2,2
330,1.0,1,1,1.0,0,0.0,1,1,4,0
331,1.0,3,1,1.0,0,0.0,1,2,3,0
332,0.0,1,0,0.5,0,0.0,0,0,3,3
333,0.0,1,0,1.0,0,0.0,0,1,4,3
334,0.0,3,0,0.0,0,0.0,0,2,2,0
335,1.0,1,1,1.0,0,0.0,1,1,4,2
336,0.0,3,0,0.5,0,0.0,0,0,1,1
337,0.0,1,0,1.0,0,0.0,0,1,4,1
338,1.0,1,1,1.0,0,0.0,1,0,4,3
339,1.0,3,0,0.5,0,0.0,0,0,1,3
340,0.0,1,0,0.5,0,0.0,0,0,3,3
341,1.0,2,0,1.0,1,0.6666666666666666,1,2,3,0
342,1.0,1,1,1.0,0,0.0,1,5,4,1
343,0.0,2,0,0.5,0,0.0,0,0,2,1
344,0.0,2,0,0.5,0,0.0,0,0,2,1
345,0.0,2,0,0.5,0,0.0,0,0,2,2
346,1.0,2,1,0.5,0,0.0,1,0,2,1
347,1.0,2,1,0.5,0,0.0,1,0,2,3
348,1.0,3,1,0.5,0,0.0,1,1,2,2
349,1.0,3,0,1.0,1,0.6666666666666666,1,2,2,0
350,0.0,3,0,0.5,0,0.0,0,0,1,3
351,0.0,3,0,0.5,0,0.0,0,0,1,1
352,0.0,1,0,0.5,0,0.0,0,0,3,1
353,0.0,3,0,0.0,0,0.0,0,2,0,0
354,0.0,3,0,0.0,0,0.0,0,1,2,1
355,0.0,3,0,0.5,0,0.0,0,0,0,1
356,0.0,3,0,0.5,0,0.0,0,0,1,1
357,1.0,1,1,1.0,0,0.0,1,1,4,0
358,0.0,2,1,0.5,0,0.0,1,0,2,3
359,1.0,3,1,0.5,0,0.0,1,0,1,0
360,1.0,3,1,0.5,0,0.0,1,0,1,0
361,0.0,3,0,0.0,0,0.0,0,5,3,3
362,0.0,2,0,0.5,0,0.0,0,1,3,1
363,0.0,3,1,0.0,0,0.0,1,1,2,3
364,0.0,3,0,0.5,0,0.0,0,0,0,2
365,0.0,3,0,1.0,0,0.0,0,1,2,1
366,0.0,3,0,0.5,0,0.0,0,0,0,1
367,1.0,1,1,0.5,0,0.0,1,1,4,3
368,1.0,3,1,0.5,0,0.0,1,0,0,2
369,1.0,3,1,0.5,0,0.0,1,0,0,0
370,1.0,1,1,1.0,0,0.0,1,0,4,1
371,1.0,1,0,0.5,0,0.0,0,1,4,1
372,0.0,3,0,0.5,0,0.0,0,1,0,0
373,0.0,3,0,0.5,0,0.0,0,0,1,0
374,0.0,1,0,1.0,0,0.0,0,0,4,0
375,0.0,3,1,0.0,1,0.0,1,4,2,0
376,1.0,1,1,0.0,0,0.0,1,1,4,2
377,1.0,3,1,0.5,0,0.0,1,0,0,0
378,0.0,1,0,0.5,0,0.0,0,2,4,1
379,0.0,3,0,0.5,0,0.0,0,0,0,0
380,0.0,3,0,0.5,0,0.0,0,0,0,0
381,1.0,1,1,1.0,0,0.0,1,0,4,3
382,1.0,3,1,1.0,1,0.0,1,2,2,0
383,0.0,3,0,0.5,0,0.0,0,0,1,2
384,1.0,1,1,0.0,0,0.0,1,1,4,2
385,0.0,3,0,0.5,0,0.0,0,0,1,1
386,0.0,2,0,0.0,0,0.0,0,0,4,0
387,0.0,3,0,0.0,1,2.0,1,7,4,0
388,1.0,2,1,0.5,0,0.0,1,0,2,2
389,0.0,3,0,0.5,0,0.0,0,0,0,1
390,1.0,2,1,0.5,0,0.0,1,0,2,0
391,1.0,1,0,1.0,0,0.0,0,3,4,2
392,1.0,3,0,0.5,0,0.0,0,0,0,0
393,0.0,3,0,0.0,0,0.0,0,2,1,1
394,1.0,1,1,1.0,0,0.0,1,1,4,1
395,1.0,3,1,1.0,0,0.0,1,2,2,1
396,0.0,3,0,0.5,0,0.0,0,0,0,0
397,0.0,3,1,0.0,0,0.0,1,0,0,2
398,0.0,2,0,0.0,0,0.0,0,0,3,3
399,0.0,2,0,0.5,0,0.0,0,0,1,1
400,1.0,2,1,0.5,0,0.0,1,0,2,1
401,1.0,3,0,0.5,0,0.0,0,0,1,3
402,0.0,3,0,0.5,0,0.0,0,0,1,1
403,0.0,3,1,0.0,0,0.0,1,1,1,0
404,0.0,3,0,1.0,0,0.0,0,1,2,1
405,0.0,3,1,0.0,0,0.0,1,0,1,0
406,0.0,2,0,0.5,0,0.0,0,1,2,2
407,0.0,3,0,0.5,0,0.0,0,0,0,3
408,1.0,2,0,1.0,1,0.6666666666666666,1,2,2,0
409,0.0,3,0,0.5,0,0.0,0,0,0,0
410,0.0,3,1,0.0,0,0.0,1,4,3,0
411,0.0,3,0,0.5,0,0.0,0,0,1,1
412,0.0,3,0,0.5,0,0.0,0,0,0,1
413,1.0,1,1,0.0,0,0.0,1,1,4,2
414,0.0,2,0,0.0,0,0.0,0,0,0,1
415,1.0,3,0,0.5,0,0.0,0,0,1,3
416,0.0,3,1,0.5,0,0.0,1,0,1,2
417,1.0,2,1,0.5,0,0.0,1,2,3,2
418,1.0,2,1,0.5,0,0.0,1,2,2,0
419,0.0,2,0,0.5,0,0.0,0,0,2,1
420,0.0,3,1,0.0,0,0.0,1,2,3,0
421,0.0,3,0,0.5,0,0.0,0,0,1,1
422,0.0,3,0,0.5,0,0.0,0,0,0,0
423,0.0,3,0,0.5,0,0.0,0,0,1,1
424,0.0,3,1,0.0,0,0.0,1,2,2,1
425,0.0,3,0,0.0,0,0.0,0,2,2,0
426,0.0,3,0,0.5,0,0.0,0,0,0,1
427,1.0,2,1,0.5,0,0.0,1,1,3,1
428,1.0,2,1,0.0,0,0.0,1,0,3,0
429,0.0,3,0,0.5,0,0.0,0,0,0,1
430,1.0,3,0,0.5,0,0.0,0,0,1,2
431,1.0,1,0,0.5,0,0.0,0,0,3,1
432,1.0,3,1,0.0,0,0.0,1,1,2,2
433,1.0,2,1,0.5,0,0.0,1,1,3,3
434,0.0,3,0,0.5,0,0.0,0,0,0,0
435,0.0,1,0,1.0,0,0.0,0,1,4,3
436,1.0,1,1,1.0,0,0.0,1,3,4,0
437,0.0,3,1,0.0,0,0.0,1,4,3,0
438,1.0,2,1,1.0,0,0.0,1,5,2,1
439,0.0,1,0,1.0,0,0.0,0,5,4,3
440,0.0,2,0,0.5,0,0.0,0,0,1,2
441,1.0,2,1,1.0,0,0.0,1,2,3,3
442,0.0,3,0,0.5,0,0.0,0,0,1,0
443,0.0,3,0,0.5,0,0.0,0,1,0,1
444,1.0,2,1,0.5,0,0.0,1,0,2,1
445,1.0,3,0,0.5,0,0.0,0,0,1,1
446,1.0,1,0,0.5,1,0.0,1,2,4,0
447,1.0,2,1,1.0,0,0.0,1,1,2,0
448,1.0,1,0,0.5,0,0.0,0,0,3,2
449,1.0,3,1,1.0,1,0.0,1,3,2,0
450,1.0,1,0,0.5,0,0.0,0,0,3,3
451,0.0,2,0,1.0,0,0.0,0,3,3,2
452,0.0,3,0,0.0,0,0.0,0,1,2,1
453,0.0,1,0,0.5,0,0.0,0,0,3,1
454,1.0,1,0,1.0,0,0.0,0,1,4,3
455,0.0,3,0,0.5,0,0.0,0,0,1,1
456,1.0,3,0,0.5,0,0.0,0,0,1,1
457,0.0,1,0,0.5,0,0.0,0,0,3,3
458,1.0,1,1,0.5,0,0.0,1,1,4,2
459,1.0,2,1,0.5,0,0.0,1,0,1,3
460,0.0,3,0,0.5,0,0.0,0,0,0,1
461,1.0,1,0,0.5,0,0.0,0,0,3,3
462,0.0,3,0,0.5,0,0.0,0,0,1,2
463,0.0,1,0,0.5,0,0.0,0,0,3,3
464,0.0,2,0,0.5,0,0.0,0,0,2,3
465,0.0,3,0,0.5,0,0.0,0,0,1,1
466,0.0,3,0,0.5,0,0.0,0,0,0,3
467,0.0,2,0,0.0,0,0.0,0,0,0,1
468,0.0,1,0,0.5,0,0.0,0,0,3,3
469,0.0,3,0,0.5,0,0.0,0,0,0,1
470,1.0,3,1,1.0,1,0.0,1,3,2,0
471,0.0,3,0,0.5,0,0.0,0,0,0,1
472,0.0,3,0,0.0,0,0.0,0,0,1,3
473,1.0,2,1,1.0,0,0.0,1,3,3,2
474,1.0,2,1,0.5,0,0.0,1,0,2,1
475,0.0,3,1,0.5,0,0.0,1,0,1,0
476,0.0,1,0,0.0,0,0.0,0,0,4,1
477,0.0,2,0,1.0,0,0.0,0,1,2,2
478,0.0,3,0,0.5,0,0.0,0,1,0,1
479,0.0,3,0,0.5,0,0.0,0,0,0,0
480,1.0,3,1,0.5,1,0.0,1,1,2,0
481,0.0,3,0,0.0,0,2.0,1,7,4,0
482,0.0,2,0,0.5,0,0.0,0,0,0,1
483,0.0,3,0,0.5,0,0.0,0,0,1,3
484,1.0,3,1,0.5,0,0.0,1,0,1,3
485,1.0,1,0,1.0,0,0.0,0,1,4,1
486,0.0,3,1,0.0,0,0.0,1,4,3,0
487,1.0,1,1,1.0,0,0.0,1,1,4,2
488,0.0,1,0,0.5,0,0.0,0,0,3,3
489,0.0,3,0,0.5,0,0.0,0,0,1,1
490,1.0,3,0,1.0,0,0.6666666666666666,1,2,2,0
491,0.0,3,0,0.0,0,0.0,0,1,2,1
492,0.0,3,0,0.5,0,0.0,0,0,0,0
493,0.0,1,0,0.5,0,0.0,0,0,3,3
494,0.0,1,0,0.5,0,0.0,0,0,4,3
495,0.0,3,0,0.5,0,0.0,0,0,1,0
496,0.0,3,0,0.0,0,0.0,0,0,2,1
497,1.0,1,1,1.0,0,0.0,1,1,4,3
498,0.0,3,0,0.5,0,0.0,0,0,2,1
499,0.0,1,1,1.0,0,0.0,1,3,4,1
500,0.0,3,0,0.5,0,0.0,0,0,0,1
501,0.0,3,0,0.0,0,0.0,0,0,1,0
502,0.0,3,1,0.5,0,0.0,1,0,0,0
503,0.0,3,1,0.5,0,0.0,1,0,0,0
504,0.0,3,1,0.5,0,0.0,1,0,1,3
505,1.0,1,1,1.0,0,0.0,1,0,4,0
506,0.0,1,0,1.0,0,0.0,0,1,4,0
507,1.0,2,1,1.0,0,0.0,1,2,3,2
508,1.0,1,0,0.5,0,0.0,0,0,3,1
509,0.0,3,0,0.5,0,0.0,0,0,3,1
510,1.0,3,0,1.0,0,0.0,0,0,4,1
511,1.0,3,0,0.5,0,0.0,0,0,0,1
512,0.0,3,0,0.5,0,0.0,0,0,1,1
513,1.0,1,0,0.5,0,0.0,0,0,3,2
514,1.0,1,1,0.5,0,0.0,1,1,4,3
515,0.0,3,0,0.0,0,0.0,0,0,0,1
516,0.0,1,0,0.5,0,0.0,0,0,3,3
517,1.0,2,1,0.5,0,0.0,1,0,1,2
518,0.0,3,0,1.0,0,0.0,0,0,3,1
519,1.0,2,1,0.5,0,0.0,1,1,3,2
520,0.0,3,0,0.5,0,0.0,0,0,1,2
521,1.0,1,1,1.0,0,0.0,1,0,4,1
522,0.0,3,0,0.5,0,0.0,0,0,1,0
523,0.0,3,0,0.5,0,0.0,0,0,0,1
524,1.0,1,1,1.0,0,0.0,1,1,4,3
525,0.0,3,0,0.5,0,0.0,0,0,0,1
526,0.0,3,0,0.5,0,0.0,0,0,0,3
527,1.0,2,1,0.5,0,0.0,1,0,1,3
528,0.0,1,0,0.5,0,0.0,0,0,4,1
529,0.0,3,0,0.5,0,0.0,0,0,1,3
530,0.0,2,0,0.5,0,0.0,0,3,2,1
531,1.0,2,1,1.0,1,0.0,1,2,3,0
532,0.0,3,0,0.5,0,0.0,0,0,0,1
533,0.0,3,0,0.0,0,0.0,0,2,0,0
534,1.0,3,1,1.0,0,0.0,1,2,3,2
535,0.0,3,1,0.0,0,0.0,1,0,1,1
536,1.0,2,1,1.0,0,0.0,1,2,3,0
537,0.0,1,0,0.5,0,0.0,0,0,3,3
538,1.0,1,1,0.0,0,0.0,1,0,4,1
539,0.0,3,0,0.5,0,0.0,0,0,2,1
540,1.0,1,1,0.5,0,0.0,1,2,4,0
541,1.0,1,1,0.0,0,0.0,1,2,4,2
542,0.0,3,1,0.0,0,0.0,1,6,3,0
543,0.0,3,1,0.0,0,0.0,1,6,3,0
544,1.0,2,0,1.0,0,0.0,0,1,3,2
545,0.0,1,0,1.0,0,0.0,0,1,4,3
546,0.0,1,0,0.5,0,0.0,0,0,3,3
547,1.0,2,1,1.0,0,0.0,1,1,3,0
548,1.0,2,0,0.5,0,0.0,0,0,2,1
549,0.0,3,0,1.0,0,0.0,0,2,2,2
550,1.0,2,0,0.0,0,0.6666666666666666,1,2,3,0
551,1.0,1,0,1.0,0,0.0,0,2,4,0
552,0.0,2,0,0.5,0,0.0,0,0,3,1
553,0.0,3,0,0.5,0,0.0,0,0,0,1
554,1.0,3,0,0.5,0,0.0,0,0,0,0
555,1.0,3,1,0.5,0,0.0,1,0,0,0
556,0.0,1,0,0.5,0,0.0,0,0,3,3
557,1.0,1,1,0.5,0,0.0,1,1,3,3
558,0.0,1,0,1.0,0,0.0,0,0,4,1
559,1.0,1,1,1.0,0,0.0,1,2,4,3
560,1.0,3,1,0.5,0,0.0,1,1,2,2
561,0.0,3,0,0.5,0,0.0,0,0,0,1
562,0.0,3,0,0.5,0,0.0,0,0,1,3
563,0.0,2,0,0.5,0,0.0,0,0,2,1
564,0.0,3,0,0.5,0,0.0,0,0,1,1
565,0.0,3,1,0.5,0,0.0,1,0,1,0
566,0.0,3,0,0.0,0,0.0,0,2,3,1
567,0.0,3,0,0.5,0,0.0,0,0,1,0
568,0.0,3,1,0.0,0,0.0,1,4,2,1
569,0.0,3,0,0.5,0,0.0,0,0,0,1
570,1.0,3,0,0.5,0,0.0,0,0,0,2
571,1.0,2,0,0.0,0,0.0,0,0,1,3
572,1.0,1,1,0.5,0,0.0,1,2,4,3
573,1.0,1,0,0.5,0,0.0,0,0,3,2
574,1.0,3,1,1.0,0,0.0,1,0,0,0
575,0.0,3,0,0.5,0,0.0,0,0,1,0
576,0.0,3,0,0.0,0,0.0,0,0,2,0
577,1.0,2,1,0.5,0,0.0,1,0,2,2
578,1.0,1,1,0.0,0,0.0,1,1,4,3
579,0.0,3,1,0.5,0,0.0,1,1,2,2
580,1.0,3,0,0.5,0,0.0,0,0,1,2
581,1.0,2,1,0.5,0,0.0,1,2,3,1
582,1.0,1,1,1.0,0,0.0,1,2,4,3
583,0.0,2,0,0.0,0,0.0,0,0,3,3
584,0.0,1,0,0.5,0,0.0,0,0,3,2
585,0.0,3,0,0.5,0,0.0,0,0,1,1
586,1.0,1,1,1.0,0,0.0,1,2,4,0
587,0.0,2,0,0.5,0,0.0,0,0,2,3
588,1.0,1,0,0.5,0,0.0,0,2,4,3
589,0.0,3,0,0.5,0,0.0,0,0,1,0
590,0.0,3,0,0.5,0,0.0,0,0,1,1
591,0.0,3,0,0.5,0,0.0,0,0,0,2
592,1.0,1,1,1.0,0,0.0,1,1,4,3
593,0.0,3,0,0.5,0,0.0,0,0,0,3
594,0.0,3,1,0.5,0,0.0,1,2,0,0
595,0.0,2,0,0.5,0,0.0,0,1,3,3
596,0.0,3,0,0.0,0,0.0,0,2,3,2
597,1.0,2,1,1.0,0,0.0,1,0,3,0
598,0.0,3,0,0.0,0,0.0,0,0,0,3
599,0.0,3,0,0.5,0,0.0,0,0,0,1
600,1.0,1,0,1.0,0,0.0,0,1,4,3
601,1.0,2,1,0.0,0,0.0,1,3,3,1
602,0.0,3,0,0.5,0,0.0,0,0,1,1
603,0.0,1,0,0.5,0,0.0,0,0,4,1
604,0.0,3,0,0.5,0,0.0,0,0,1,3
605,1.0,1,0,0.5,0,0.0,0,0,3,2
606,0.0,3,0,0.5,0,0.0,0,1,2,2
607,0.0,3,0,0.5,0,0.0,0,0,1,1
608,1.0,1,0,0.5,0,0.0,0,0,3,1
609,1.0,2,1,1.0,0,0.0,1,3,3,0
610,1.0,1,1,1.0,0,0.0,1,0,4,3
611,0.0,3,1,0.0,0,0.0,1,6,3,3
612,0.0,3,0,0.5,0,0.0,0,0,0,1
613,1.0,3,1,1.0,0,0.0,1,1,2,0
614,0.0,3,0,0.5,0,0.0,0,0,0,1
615,0.0,3,0,0.5,0,0.0,0,0,1,2
616,1.0,2,1,1.0,0,0.0,1,3,4,1
617,0.0,3,0,0.0,0,0.0,0,2,2,2
618,0.0,3,1,0.0,0,0.0,1,1,2,1
619,1.0,2,1,1.0,1,0.0,1,3,3,0
620,0.0,2,0,0.5,0,0.0,0,0,1,1
621,0.0,3,0,1.0,0,0.0,0,1,2,1
622,1.0,1,0,0.5,0,0.0,0,1,4,3
623,1.0,3,0,1.0,0,0.0,0,2,2,0
624,0.0,3,0,0.0,0,0.0,0,0,0,0
625,0.0,3,0,0.0,0,0.0,0,0,2,0
626,0.0,1,0,0.5,0,0.0,0,0,3,3
627,0.0,2,0,0.5,0,0.0,0,0,2,3
628,1.0,1,1,1.0,0,0.0,1,0,4,0
629,0.0,3,0,0.5,0,0.0,0,0,1,1
630,0.0,3,0,0.5,0,0.0,0,0,0,1
631,1.0,1,0,0.5,0,0.0,0,0,3,3
632,0.0,3,0,0.5,0,0.0,0,0,0,3
633,1.0,1,0,0.5,0,0.0,0,0,3,2
634,0.0,1,0,0.5,0,0.0,0,0,0,1
635,0.0,3,1,0.0,0,0.0,1,5,3,0
636,1.0,2,1,0.5,0,0.0,1,0,2,1
637,0.0,3,0,0.5,0,0.0,0,0,1,2
638,0.0,2,0,1.0,0,0.0,0,2,3,2
639,0.0,3,1,0.0,0,0.0,1,5,3,3
640,0.0,3,0,1.0,0,0.0,0,1,2,1
641,0.0,3,0,0.0,0,0.0,0,0,0,0
642,1.0,1,1,1.0,0,0.0,1,0,4,1
643,0.0,3,1,0.0,1,0.0,1,5,3,0
644,1.0,3,0,1.0,0,0.0,0,0,4,1
645,1.0,3,1,1.0,1,0.0,1,3,2,0
646,1.0,1,0,1.0,0,0.0,0,1,4,3
647,0.0,3,0,0.5,0,0.0,0,0,1,0
648,1.0,1,0,0.5,0,0.0,0,0,3,3
649,0.0,3,0,0.5,0,0.0,0,0,0,1
650,1.0,3,1,0.5,0,0.0,1,0,0,1
651,0.0,3,0,0.5,0,0.0,0,0,1,1
652,1.0,2,1,1.0,0,0.0,1,1,3,0
653,0.0,3,0,0.5,0,0.0,0,0,1,0
654,1.0,3,1,0.5,0,0.0,1,0,0,0
655,0.0,3,1,0.5,0,0.0,1,0,0,0
656,0.0,2,0,0.0,0,0.0,0,2,4,1
657,0.0,3,0,0.5,0,0.0,0,0,1,1
658,0.0,3,1,0.0,0,0.0,1,2,2,2
659,0.0,2,0,0.5,0,0.0,0,0,2,1
660,0.0,1,0,1.0,0,0.0,0,2,4,3
661,1.0,1,0,1.0,0,0.0,0,2,4,3
662,0.0,3,0,0.5,0,0.0,0,0,0,3
663,0.0,1,0,0.5,0,0.0,0,0,3,3
664,0.0,3,0,0.0,0,0.0,0,0,0,2
665,1.0,3,0,0.5,0,0.0,0,1,1,0
666,0.0,2,0,0.0,0,0.0,0,2,4,2
667,0.0,2,0,0.5,0,0.0,0,0,2,1
668,0.0,3,0,0.5,0,0.0,0,0,0,1
669,0.0,3,0,0.5,0,0.0,0,0,1,3
670,1.0,1,1,1.0,0,0.0,1,1,4,2
671,1.0,2,1,0.0,0,0.0,1,2,3,3
672,0.0,1,0,0.5,0,0.0,0,1,4,2
673,0.0,2,0,0.5,0,0.0,0,0,1,3
674,1.0,2,0,0.5,0,0.0,0,0,2,2
675,0.0,2,0,0.5,0,0.0,0,0,0,1
676,0.0,3,0,0.5,0,0.0,0,0,0,0
677,0.0,3,0,0.5,0,0.0,0,0,1,1
678,1.0,3,1,0.5,0,0.0,1,0,1,0
679,0.0,3,1,0.0,0,0.0,1,7,4,3
680,1.0,1,0,1.0,0,0.0,0,1,4,2
681,0.0,3,1,0.5,0,0.0,1,0,1,0
682,1.0,1,0,1.0,0,0.0,0,0,4,1
683,0.0,3,0,0.5,0,0.0,0,0,1,0
684,0.0,3,0,0.0,0,0.0,0,7,4,0
685,0.0,2,0,1.0,0,0.0,0,2,3,3
686,0.0,2,0,1.0,0,0.0,0,3,3,1
687,0.0,3,0,0.0,0,0.0,0,5,3,0
688,0.0,3,0,0.5,0,0.0,0,0,1,0
689,0.0,3,0,0.5,0,0.0,0,0,0,0
690,1.0,1,1,1.0,0,0.0,1,1,4,0
691,1.0,1,0,1.0,0,0.0,0,1,4,2
692,1.0,3,1,0.5,1,0.0,1,1,2,0
693,1.0,3,0,0.0,0,0.0,0,0,4,1
694,0.0,3,0,0.5,0,0.0,0,0,0,1
695,0.0,1,0,0.5,0,0.0,0,0,3,3
696,0.0,2,0,0.5,0,0.0,0,0,2,3
697,0.0,3,0,0.5,0,0.0,0,0,1,3
698,1.0,3,1,0.5,0,0.0,1,0,0,0
699,0.0,1,0,1.0,0,0.0,0,2,4,3
700,0.0,3,0,0.5,0,0.0,0,0,0,3
701,1.0,1,1,1.0,0,0.0,1,1,4,0
702,1.0,1,0,0.5,0,0.0,0,0,3,2
703,0.0,3,1,0.0,0,0.0,1,1,2,0
704,0.0,3,0,0.5,0,0.0,0,0,0,1
705,0.0,3,0,0.0,0,0.0,0,1,0,1
706,0.0,2,0,1.0,0,0.0,0,0,3,3
707,1.0,2,1,0.5,0,0.0,1,0,2,3
708,1.0,1,0,0.5,0,0.0,0,0,3,3
709,1.0,1,1,1.0,0,0.0,1,0,4,0
710,1.0,3,0,1.0,1,0.6666666666666666,1,2,2,0
711,1.0,1,1,0.5,0,0.0,1,0,4,1
712,0.0,1,0,0.5,0,0.0,0,0,3,1
713,1.0,1,0,1.0,0,0.0,0,1,4,3
714,0.0,3,0,0.5,0,0.0,0,0,1,1
715,0.0,2,0,0.0,0,0.0,0,0,2,3
716,0.0,3,0,0.5,0,0.0,0,0,0,0
717,1.0,1,1,1.0,0,0.0,1,0,4,3
718,1.0,2,1,0.5,0,0.0,1,0,1,1
719,0.0,3,0,0.5,0,0.0,0,0,2,1
720,0.0,3,0,0.5,0,0.0,0,0,0,2
721,1.0,2,1,0.0,0,0.0,1,1,3,0
722,0.0,3,0,0.5,0,0.0,0,1,0,0
723,0.0,2,0,0.5,0,0.0,0,0,2,2
724,0.0,2,0,0.5,0,0.0,0,0,2,3
725,1.0,1,0,1.0,0,0.0,0,1,4,1
726,0.0,3,0,0.0,0,0.0,0,0,1,0
727,1.0,2,1,0.0,0,0.0,1,3,2,1
728,1.0,3,1,0.5,0,0.0,1,0,0,0
729,0.0,2,0,0.5,0,0.0,0,1,3,1
730,0.0,3,1,0.5,0,0.0,1,1,1,1
731,1.0,1,1,1.0,0,0.0,1,0,4,1
732,0.0,3,0,1.0,0,0.0,0,0,2,0
733,0.0,2,0,0.5,0,0.0,0,0,0,1
734,0.0,2,0,0.5,0,0.0,0,0,2,1
735,0.0,2,0,0.5,0,0.0,0,0,2,1
736,0.0,3,0,0.0,0,0.0,0,0,2,1
737,0.0,3,1,0.0,0,0.0,1,4,3,3
738,1.0,1,0,1.0,0,0.0,0,0,4,2
739,0.0,3,0,0.5,0,0.0,0,0,1,1
740,0.0,3,0,0.5,0,0.0,0,0,1,1
741,1.0,1,0,0.5,0,0.0,0,0,3,1
742,0.0,1,0,1.0,0,0.0,0,1,4,2
743,1.0,1,1,1.0,0,0.0,1,4,4,0
744,0.0,3,0,0.5,0,0.0,0,1,2,1
745,1.0,3,0,0.5,0,0.0,0,0,1,2
746,0.0,1,0,1.0,0,0.0,0,2,4,3
747,0.0,3,0,1.0,0,0.0,0,2,2,0
748,1.0,2,1,0.5,0,0.0,1,0,2,1
749,0.0,1,0,0.5,0,0.0,0,1,4,0
750,0.0,3,0,0.5,0,0.0,0,0,0,2
751,1.0,2,1,0.5,1,0.0,1,2,3,0
752,1.0,3,0,1.0,0,0.0,1,1,2,0
753,0.0,3,0,0.5,0,0.0,0,0,1,2
754,0.0,3,0,0.5,0,0.0,0,0,1,1
755,1.0,2,1,1.0,0,0.0,1,3,4,3
756,1.0,2,0,1.0,1,0.6666666666666666,1,2,2,0
757,0.0,3,0,0.5,0,0.0,0,0,0,1
758,0.0,2,0,0.5,0,0.0,0,0,2,0
759,0.0,3,0,0.5,0,0.0,0,0,1,2
760,1.0,1,1,1.0,0,0.0,1,0,4,2
761,0.0,3,0,0.0,0,0.0,0,0,2,1
762,0.0,3,0,0.5,0,0.0,0,0,0,3
763,1.0,3,0,0.5,0,0.0,0,0,0,0
764,1.0,1,1,1.0,0,0.0,1,3,4,2
765,0.0,3,0,0.5,0,0.0,0,0,0,0
766,1.0,1,1,1.0,0,0.0,1,1,4,3
767,0.0,1,0,0.5,0,0.0,0,0,3,3
768,0.0,3,1,0.5,0,0.0,1,0,0,2
769,0.0,3,0,1.0,0,0.0,0,1,3,1
770,0.0,3,0,0.5,0,0.0,0,0,1,2
771,0.0,3,0,0.5,0,0.0,0,0,1,1
772,0.0,3,0,0.0,0,0.0,0,0,0,3
773,0.0,2,1,0.0,0,0.0,1,0,1,3
774,0.0,3,0,0.5,0,0.0,0,0,0,1
775,1.0,2,1,0.5,0,0.0,1,4,3,3
776,0.0,3,0,0.5,0,0.0,0,0,0,0
777,0.0,3,0,0.5,0,0.0,0,0,0,1
778,1.0,3,1,1.0,1,0.0,1,0,2,0
779,0.0,3,0,0.5,0,0.0,0,0,0,1
780,1.0,1,1,1.0,0,0.0,1,1,4,3
781,1.0,3,1,0.5,0,0.0,1,0,0,0
782,1.0,1,1,1.0,0,0.0,1,1,4,0
783,0.0,1,0,0.5,0,0.0,0,0,3,1
784,0.0,3,0,0.0,0,0.0,0,3,3,1
785,0.0,3,0,0.0,0,0.0,0,0,0,1
786,0.0,3,0,0.5,0,0.0,0,0,0,1
787,1.0,3,1,0.5,0,0.0,1,0,0,0
788,0.0,3,0,0.0,0,2.6666666666666665,1,5,3,0
789,1.0,3,0,0.0,1,0.4,1,3,2,0
790,0.0,1,0,0.0,0,0.0,0,0,4,3
791,0.0,3,0,0.5,0,0.0,0,0,0,1
792,0.0,2,0,0.0,0,0.0,0,0,3,0
793,0.0,3,1,0.0,0,0.0,1,10,4,0
794,0.0,1,0,0.5,0,0.0,0,0,3,1
795,0.0,3,0,0.5,0,0.0,0,0,1,1
796,0.0,2,0,0.5,0,0.0,0,0,2,3
797,1.0,1,1,0.5,0,0.0,1,0,3,3
798,1.0,3,1,0.5,0,0.0,1,0,1,2
799,0.0,3,0,0.5,0,0.0,0,0,0,1
800,0.0,3,1,0.0,0,0.0,1,2,3,1
801,0.0,2,0,0.0,0,0.0,0,0,2,2
802,1.0,2,1,1.0,0,0.0,1,2,3,2
803,1.0,1,0,1.0,0,0.4,1,3,4,0
804,1.0,3,0,0.5,1,0.0,1,1,1,0
805,1.0,3,0,0.5,0,0.0,0,0,0,1
806,0.0,3,0,0.5,0,0.0,0,0,0,2
807,0.0,1,0,0.5,0,0.0,0,0,0,3
808,0.0,3,1,0.5,0,0.0,1,0,0,0
809,0.0,2,0,0.5,0,0.0,0,0,2,3
810,1.0,1,1,1.0,0,0.0,1,1,4,2
811,0.0,3,0,0.5,0,0.0,0,0,1,1
812,0.0,3,0,0.0,0,0.0,0,0,3,3
813,0.0,2,0,0.5,0,0.0,0,0,1,2
814,0.0,3,1,0.0,0,0.0,1,6,3,0
815,0.0,3,0,0.5,0,0.0,0,0,1,2
816,0.0,1,0,0.5,0,0.0,0,0,0,1
817,0.0,3,1,0.5,0,0.0,1,0,1,1
818,0.0,2,0,1.0,0,0.0,0,2,3,2
819,0.0,3,0,0.5,0,0.0,0,0,0,3
820,0.0,3,0,0.0,0,1.2,1,5,3,0
821,1.0,1,1,1.0,0,0.0,1,2,4,3
822,1.0,3,0,0.5,0,0.0,0,0,1,1
823,0.0,1,0,0.5,0,0.0,0,0,0,3
824,1.0,3,1,1.0,0,0.0,1,1,2,1
825,0.0,3,0,0.0,1,2.6666666666666665,1,5,3,0
826,0.0,3,0,0.5,0,0.0,0,0,0,1
827,0.0,3,0,1.0,0,0.0,0,0,4,1
828,1.0,2,0,0.0,1,0.0,1,2,3,0
829,1.0,3,0,0.5,0,0.0,0,0,0,1
830,1.0,1,1,1.0,0,0.0,1,0,4,3
831,1.0,3,1,0.0,0,0.0,1,1,2,0
832,1.0,2,0,1.0,1,0.6666666666666666,1,2,2,0
833,0.0,3,0,0.5,0,0.0,0,0,0,1
834,0.0,3,0,0.5,0,0.0,0,0,0,1
835,0.0,3,0,0.5,0,0.0,0,0,1,0
836,1.0,1,1,0.5,0,0.0,1,2,4,3
837,0.0,3,0,0.5,0,0.0,0,0,1,0
838,0.0,3,0,0.5,0,0.0,0,0,1,1
839,1.0,3,0,1.0,0,0.0,0,0,4,2
840,1.0,1,0,0.5,0,0.0,0,0,3,1
841,0.0,3,0,0.5,0,0.0,0,0,1,0
842,0.0,2,0,0.0,0,0.0,0,0,1,0
843,1.0,1,1,0.0,0,0.0,1,0,3,1
844,0.0,3,0,0.5,0,0.0,0,0,0,2
845,0.0,3,0,0.5,0,0.0,0,0,1,0
846,0.0,3,0,0.5,0,0.0,0,0,0,3
847,0.0,3,0,0.0,0,0.0,0,10,4,1
848,0.0,3,0,0.5,0,0.0,0,0,1,2
849,0.0,2,0,1.0,0,0.0,0,1,3,1
850,1.0,1,1,1.0,0,0.0,1,1,4,2
851,0.0,3,0,0.0,1,1.6,1,6,3,0
852,0.0,3,0,0.5,0,0.0,0,0,0,3
853,0.0,3,1,0.0,0,0.0,1,2,2,0
854,1.0,1,1,0.5,0,0.0,1,1,3,0
855,0.0,2,1,0.0,0,0.0,1,1,3,3
856,1.0,3,1,0.5,0,0.0,1,1,1,0
857,1.0,1,1,1.0,0,0.0,1,2,4,3
858,1.0,1,0,0.5,0,0.0,0,0,3,3
859,1.0,3,1,1.0,0,0.0,1,3,2,1
860,0.0,3,0,0.5,0,0.0,0,0,0,1
861,0.0,3,0,0.5,0,0.0,0,2,2,3
862,0.0,2,0,0.5,0,0.0,0,1,2,0
863,1.0,1,1,0.5,0,0.0,1,0,3,3
864,0.0,3,1,0.0,0,0.0,1,10,4,0
865,0.0,2,0,0.5,0,0.0,0,0,2,1
866,1.0,2,1,0.5,0,0.0,1,0,2,3
867,1.0,2,1,0.5,0,0.0,1,1,2,1
868,0.0,1,0,0.5,0,0.0,0,0,4,2
869,0.0,3,0,0.5,0,0.0,0,0,1,1
870,1.0,3,0,1.0,1,0.6666666666666666,1,2,2,0
871,0.0,3,0,0.5,0,0.0,0,0,1,1
872,1.0,1,1,1.0,0,0.0,1,2,4,3
873,0.0,1,0,0.5,0,0.0,0,0,0,2
874,0.0,3,0,0.5,0,0.0,0,0,1,3
875,1.0,2,1,0.0,0,0.0,1,1,3,1
876,1.0,3,1,0.5,0,0.0,1,0,0,0
877,0.0,3,0,0.0,0,0.0,0,0,1,0
878,0.0,3,0,0.0,0,0.0,0,0,1,0
879,0.0,3,0,0.5,0,0.0,0,0,1,1
880,1.0,1,1,1.0,0,0.0,1,1,4,3
881,1.0,2,1,1.0,0,0.0,1,1,3,1
882,0.0,3,0,0.5,0,0.0,0,0,1,2
883,0.0,3,1,0.5,0,0.0,1,0,2,0
884,0.0,2,0,0.5,0,0.0,0,0,1,1
885,0.0,3,0,0.5,0,0.0,0,0,0,1
886,0.0,3,1,0.0,0,0.0,1,5,3,3
887,0.0,2,0,0.5,0,0.0,0,0,2,1
888,1.0,1,1,0.5,0,0.0,1,0,3,0
889,0.0,3,1,0.0,0,0.0,1,3,3,0
890,1.0,1,0,0.5,0,0.0,0,0,3,1
891,0.0,3,0,0.5,0,0.0,0,0,0,2
892,,3,0,0.5,0,0.0,0,0,0,2
893,,3,1,0.5,0,0.0,1,1,0,3
894,,2,0,0.5,0,0.0,0,0,1,3
895,,3,0,0.5,0,0.0,0,0,1,1
896,,3,1,1.0,0,0.0,1,2,2,0
897,,3,0,0.5,0,0.0,0,0,1,0
898,,3,1,0.5,0,0.0,1,0,0,1
899,,2,0,1.0,0,0.0,0,2,3,1
900,,3,1,0.5,0,0.0,1,0,0,0
901,,3,0,0.0,0,0.0,0,2,3,0
902,,3,0,0.5,0,0.0,0,0,1,1
903,,1,0,0.5,0,0.0,0,0,3,3
904,,1,1,0.5,0,0.0,1,1,4,1
905,,2,0,0.5,0,0.0,0,1,3,3
906,,1,1,0.0,0,0.0,1,1,4,3
907,,2,1,0.0,0,0.0,1,1,3,1
908,,2,0,1.0,0,0.0,0,0,2,2
909,,3,0,0.5,0,0.0,0,0,0,0
910,,3,1,0.0,0,0.0,1,1,1,1
911,,3,1,0.5,0,0.0,1,0,0,3
912,,1,0,1.0,0,0.0,0,1,4,3
913,,3,0,0.5,0,0.0,1,1,0,0
914,,1,1,0.5,0,0.0,1,0,3,2
915,,1,0,0.0,0,0.0,0,1,4,0
916,,1,1,1.0,0,0.0,1,4,4,3
917,,3,0,0.0,0,0.0,0,1,2,3
918,,1,1,0.0,0,0.0,1,1,4,0
919,,3,0,0.5,0,0.0,0,0,0,1
920,,1,0,0.5,0,0.0,0,0,3,3
921,,3,0,0.0,0,0.0,0,2,3,1
922,,2,0,1.0,0,0.0,0,1,3,3
923,,2,0,0.5,0,0.0,0,2,3,1
924,,3,1,1.0,0,0.0,1,3,2,2
925,,3,1,0.0,0,0.0,1,3,3,2
926,,1,0,0.5,0,0.0,0,1,4,1
927,,3,0,0.5,0,0.0,0,0,0,0
928,,3,1,0.5,0,0.0,1,0,1,0
929,,3,1,0.0,0,0.0,1,0,1,0
930,,3,0,0.5,0,0.0,0,0,1,1
931,,3,0,1.0,0,0.0,0,0,4,1
932,,3,0,1.0,0,0.0,0,1,2,3
933,,1,0,0.5,0,0.0,0,0,3,1
934,,3,0,0.5,0,0.0,0,0,0,3
935,,2,1,0.5,0,0.0,1,0,2,1
936,,1,1,1.0,0,0.0,1,1,4,3
937,,3,0,0.5,0,0.0,0,0,1,1
938,,1,0,0.5,0,0.0,0,0,3,3
939,,3,0,0.5,0,0.0,0,0,0,1
940,,1,1,1.0,0,0.0,1,0,4,3
941,,3,1,1.0,0,0.0,1,2,2,2
942,,1,0,0.5,0,0.0,0,1,4,1
943,,2,0,0.5,0,0.0,0,0,2,1
944,,2,1,1.0,0,0.0,1,3,3,0
945,,1,1,1.0,0,0.0,1,5,4,1
946,,2,0,0.5,0,0.0,0,0,2,1
947,,3,0,0.0,0,2.6666666666666665,1,5,3,0
948,,3,0,0.0,0,0.0,0,0,1,2
949,,3,0,0.5,0,0.0,0,0,0,1
950,,3,0,1.0,0,0.0,0,1,2,1
951,,1,1,1.0,0,0.0,1,0,4,2
952,,3,0,0.5,0,0.0,0,0,1,0
953,,2,0,0.5,0,0.0,0,0,2,2
954,,3,0,0.5,0,0.0,0,0,0,0
955,,3,1,0.5,0,0.0,1,0,0,0
956,,1,0,1.0,0,0.8,1,4,4,0
957,,2,1,0.5,0,0.0,1,0,2,2
958,,3,1,0.5,0,0.0,1,0,1,0
959,,1,0,0.0,0,0.0,0,0,4,3
960,,1,0,0.5,0,0.0,0,0,3,2
961,,1,1,1.0,0,0.0,1,5,4,3
962,,3,1,0.5,0,0.0,1,0,0,1
963,,3,0,0.5,0,0.0,0,0,1,0
964,,3,1,0.5,0,0.0,1,0,1,1
965,,1,0,0.5,0,0.0,0,0,3,1
966,,1,1,0.0,0,0.0,1,0,4,2
967,,1,0,0.0,0,0.0,0,0,4,2
968,,3,0,0.5,0,0.0,0,0,1,1
969,,1,1,0.5,0,0.0,1,2,3,3
970,,2,0,0.5,0,0.0,0,0,2,1
971,,3,1,0.5,0,0.0,1,0,0,1
972,,3,0,0.0,0,0.6666666666666666,1,2,2,0
973,,1,0,0.0,0,0.0,0,1,4,3
974,,1,0,0.5,0,0.0,0,0,3,3
975,,3,0,0.5,0,0.0,0,0,1,1
976,,2,0,0.5,0,0.0,0,0,2,1
977,,3,0,0.5,0,0.0,0,1,2,1
978,,3,1,0.5,0,0.0,1,0,1,1
979,,3,1,0.5,0,0.0,1,0,1,0
980,,3,1,0.5,0,0.0,1,0,0,0
981,,2,0,1.0,1,0.6666666666666666,1,2,3,0
982,,3,1,0.5,0,0.0,1,1,2,0
983,,3,0,0.5,0,0.0,0,0,0,1
984,,1,1,0.0,0,0.0,1,3,4,1
985,,3,0,0.5,0,0.0,0,0,1,1
986,,1,0,0.5,0,0.0,0,0,3,1
987,,3,0,0.5,0,0.0,0,0,0,1
988,,1,1,0.0,0,0.0,1,1,4,3
989,,3,0,0.5,0,0.0,0,0,1,1
990,,3,1,0.5,0,0.0,1,0,0,0
991,,3,0,0.5,0,0.0,0,0,1,2
992,,1,1,0.5,0,0.0,1,1,4,3
993,,2,0,1.0,0,0.0,0,1,3,1
994,,3,0,0.5,0,0.0,0,0,0,1
995,,3,0,0.5,0,0.0,0,0,0,1
996,,3,1,1.0,0,0.0,1,2,1,0
997,,3,0,0.0,0,0.0,0,0,3,1
998,,3,0,0.5,0,0.0,0,0,0,0
999,,3,0,0.5,0,0.0,0,0,0,1
1000,,3,0,0.5,0,0.0,0,0,1,1
1001,,2,0,0.5,0,0.0,0,0,2,0
1002,,2,0,0.5,0,0.0,0,0,2,3
1003,,3,1,0.5,0,0.0,1,0,0,0
1004,,1,1,0.5,0,0.0,1,0,3,2
1005,,3,1,0.5,0,0.0,1,0,0,0
1006,,1,1,0.0,0,0.0,1,1,4,3
1007,,3,0,0.0,0,0.0,0,1,2,0
1008,,3,0,0.5,0,0.0,0,0,0,1
1009,,3,1,1.0,1,0.0,1,2,2,0
1010,,1,0,0.5,0,0.0,0,0,4,2
1011,,2,1,0.0,0,0.0,1,1,3,1
1012,,2,1,1.0,0,0.0,1,0,2,0
1013,,3,0,0.0,0,0.0,0,1,0,1
1014,,1,1,0.5,0,0.0,1,1,4,2
1015,,3,0,0.5,0,0.0,0,0,0,1
1016,,3,0,0.5,0,0.0,0,0,0,1
1017,,3,1,0.0,0,0.0,1,1,2,0
1018,,3,0,0.5,0,0.0,0,0,0,0
1019,,3,1,1.0,0,0.0,1,2,3,0
1020,,2,0,0.5,0,0.0,0,0,2,3
1021,,3,0,0.5,0,0.0,0,0,1,1
1022,,3,0,0.5,0,0.0,0,0,1,2
1023,,1,0,0.5,0,0.0,0,0,3,3
1024,,3,1,0.0,0,0.0,1,4,3,2
1025,,3,0,0.5,0,0.0,0,1,0,1
1026,,3,0,0.5,0,0.0,0,0,1,3
1027,,3,0,0.5,0,0.0,0,0,0,1
1028,,3,0,0.5,0,0.0,0,0,0,1
1029,,2,0,0.5,0,0.0,0,0,2,1
1030,,3,1,0.5,0,0.0,1,0,1,1
1031,,3,0,0.0,0,0.0,0,7,4,3
1032,,3,1,0.0,0,0.0,1,7,4,0
1033,,1,1,1.0,0,0.0,1,0,4,2
1034,,1,0,1.0,0,0.0,0,4,4,3
1035,,2,0,0.0,0,0.0,0,0,3,1
1036,,1,0,0.5,0,0.0,0,0,3,3
1037,,3,0,0.0,0,0.0,0,3,2,2
1038,,1,0,0.0,0,0.0,0,0,4,1
1039,,3,0,0.5,0,0.0,0,0,1,0
1040,,1,0,0.5,0,0.0,0,0,3,1
1041,,2,0,0.0,0,0.0,0,2,3,1
1042,,1,1,1.0,0,0.0,1,1,4,1
1043,,3,0,0.5,0,0.0,0,0,1,1
1044,,3,0,0.5,0,0.0,0,0,2,3
1045,,3,1,0.5,0,0.0,1,2,2,2
1046,,3,0,1.0,0,1.6,1,6,3,0
1047,,3,0,0.5,0,0.0,0,0,0,1
1048,,1,1,0.0,0,0.0,1,0,4,1
1049,,3,1,0.5,0,0.0,1,0,0,1
1050,,1,0,0.5,0,0.0,0,0,3,3
1051,,3,1,0.5,0,0.0,1,2,2,1
1052,,3,1,0.5,0,0.0,1,0,0,0
1053,,3,0,1.0,0,0.6666666666666666,1,2,2,0
1054,,2,1,0.5,0,0.0,1,0,2,1
1055,,3,0,0.5,0,0.0,0,0,0,1
1056,,2,0,0.5,0,0.0,0,0,2,3
1057,,3,1,1.0,0,0.0,1,2,3,1
1058,,1,0,0.5,0,0.0,0,0,4,3
1059,,3,0,0.0,0,0.0,0,4,3,0
1060,,1,1,0.5,0,0.0,1,0,3,2
1061,,3,1,0.5,0,0.0,1,0,1,0
1062,,3,0,0.5,0,0.0,0,0,0,1
1063,,3,0,0.5,0,0.0,0,0,0,1
1064,,3,0,0.5,0,0.0,0,1,2,1
1065,,3,0,0.5,0,0.0,0,0,0,1
1066,,3,0,1.0,0,0.0,0,6,3,3
1067,,2,1,1.0,0,0.0,1,2,3,0
1068,,2,1,1.0,0,0.0,1,0,3,0
1069,,1,0,0.5,0,0.0,0,1,4,3
1070,,2,1,1.0,0,0.0,1,3,3,2
1071,,1,1,1.0,0,0.0,1,2,4,3
1072,,2,0,0.5,0,0.0,0,0,2,1
1073,,1,0,1.0,0,0.0,0,2,4,3
1074,,1,1,0.0,0,0.0,1,1,4,0
1075,,3,0,0.5,0,0.0,0,0,0,1
1076,,1,1,1.0,0,0.0,1,2,4,1
1077,,2,0,0.5,0,0.0,0,0,2,3
1078,,2,1,0.5,0,0.0,1,1,2,0
1079,,3,0,0.5,0,0.0,0,2,1,0
1080,,3,1,0.0,0,0.0,1,10,4,0
1081,,2,0,0.5,0,0.0,0,0,2,3
1082,,2,0,1.0,0,0.0,0,1,3,2
1083,,1,0,0.5,0,0.0,0,0,3,1
1084,,3,0,0.0,0,0.6666666666666666,1,2,2,0
1085,,2,0,0.5,0,0.0,0,0,2,3
1086,,2,0,1.0,0,0.0,1,2,3,0
1087,,3,0,0.5,0,0.0,0,0,0,2
1088,,1,0,1.0,0,0.0,1,2,4,0
1089,,3,1,0.5,0,0.0,1,0,0,0
1090,,2,0,0.5,0,0.0,0,0,1,1
1091,,3,1,0.5,0,0.0,1,0,1,2
1092,,3,1,1.0,0,0.0,1,0,2,0
1093,,3,0,0.0,1,0.0,1,2,2,0
1094,,1,0,1.0,0,0.0,0,1,4,3
1095,,2,1,1.0,0,0.0,1,2,3,0
1096,,2,0,0.5,0,0.0,0,0,1,1
1097,,1,0,0.5,0,0.0,0,0,3,1
1098,,3,1,0.5,0,0.0,1,0,0,2
1099,,2,0,0.5,0,0.0,0,0,1,1
1100,,1,1,0.5,0,0.0,1,0,3,2
1101,,3,0,0.5,0,0.0,0,0,1,1
1102,,3,0,0.0,0,0.0,0,0,3,2
1103,,3,0,0.5,0,0.0,0,0,0,1
1104,,2,0,0.0,0,0.0,0,0,4,0
1105,,2,1,0.5,0,0.0,1,1,3,3
1106,,3,1,0.5,0,0.0,1,6,0,3
1107,,1,0,0.5,0,0.0,0,0,4,3
1108,,3,1,0.5,0,0.0,1,0,1,0
1109,,1,0,1.0,0,0.0,0,2,4,3
1110,,1,1,0.0,0,0.0,1,2,4,3
1111,,3,0,0.5,0,0.0,0,0,1,1
1112,,2,1,1.0,0,0.0,1,1,2,1
1113,,3,0,0.5,0,0.0,0,0,1,0
1114,,2,1,0.5,0,0.0,1,0,1,0
1115,,3,0,0.5,0,0.0,0,0,0,0
1116,,1,1,0.5,0,0.0,1,0,3,3
1117,,3,1,1.0,0,0.0,1,2,2,2
1118,,3,0,0.5,0,0.0,0,0,0,1
1119,,3,1,0.5,0,0.0,1,0,0,0
1120,,3,0,0.0,0,0.0,0,0,2,3
1121,,2,0,0.5,0,0.0,0,0,2,2
1122,,2,0,1.0,0,0.0,0,0,4,0
1123,,1,1,0.5,0,0.0,1,0,3,0
1124,,3,0,0.0,0,0.0,0,1,0,0
1125,,3,0,0.5,0,0.0,0,0,1,1
1126,,1,0,1.0,0,0.0,0,1,4,3
1127,,3,0,0.5,0,0.0,0,0,0,0
1128,,1,0,1.0,0,0.0,0,1,4,3
1129,,3,0,0.5,0,0.0,0,0,0,0
1130,,2,1,0.5,0,0.0,1,2,2,0
1131,,1,1,0.0,0,0.0,1,1,4,3
1132,,1,1,0.5,0,0.0,1,0,3,3
1133,,2,1,1.0,0,0.0,1,2,3,3
1134,,1,0,1.0,0,0.0,0,2,4,3
1135,,3,0,0.5,0,0.0,0,0,1,1
1136,,3,0,0.0,1,0.4,1,3,3,0
1137,,1,0,1.0,0,0.0,0,1,4,3
1138,,2,1,0.5,0,0.0,1,0,2,0
1139,,2,0,1.0,0,0.0,0,2,3,3
1140,,2,1,0.0,0,0.0,1,1,3,1
1141,,3,1,0.5,0,0.0,1,1,2,2
1142,,2,1,1.0,1,0.0,1,3,3,0
1143,,3,0,0.5,0,0.0,0,0,1,0
1144,,1,0,0.5,0,0.0,0,1,4,1
1145,,3,0,0.5,0,0.0,0,0,1,1
1146,,3,0,0.5,0,0.0,0,0,1,2
1147,,3,0,0.5,0,0.0,0,0,0,1
1148,,3,0,0.5,0,0.0,0,0,0,1
1149,,3,0,0.5,0,0.0,0,0,1,1
1150,,2,1,0.5,0,0.0,1,0,2,0
1151,,3,0,0.5,0,0.0,0,0,0,0
1152,,3,0,1.0,0,0.0,0,1,2,3
1153,,3,0,1.0,0,0.0,0,0,0,0
1154,,2,1,1.0,0,0.0,1,2,3,1
1155,,3,1,0.5,1,0.0,1,2,2,0
1156,,2,0,0.5,0,0.0,0,0,2,1
1157,,3,0,0.5,0,0.0,0,0,1,1
1158,,1,0,0.5,0,0.0,0,0,0,1
1159,,3,0,0.5,0,0.0,0,0,0,1
1160,,3,1,0.5,0,0.0,1,0,1,0
1161,,3,0,0.5,0,0.0,0,0,1,0
1162,,1,0,0.5,0,0.0,0,0,4,3
1163,,3,0,0.5,0,0.0,0,0,0,1
1164,,1,1,0.5,0,0.0,1,1,4,1
1165,,3,1,0.0,0,0.0,1,1,2,0
1166,,3,0,0.5,0,0.0,0,0,0,1
1167,,2,1,0.0,0,0.0,1,1,3,0
1168,,2,0,0.5,0,0.0,0,0,1,1
1169,,2,0,1.0,0,0.0,0,1,3,3
1170,,2,0,0.5,0,0.0,0,1,2,1
1171,,2,0,0.5,0,0.0,0,0,1,0
1172,,3,1,0.0,0,0.0,1,0,1,1
1173,,3,0,0.5,1,0.6666666666666666,1,2,2,0
1174,,3,1,0.5,0,0.0,1,0,0,0
1175,,3,1,1.0,0,0.0,1,2,2,0
1176,,3,1,0.0,1,0.0,1,2,2,0
1177,,3,0,0.0,0,0.0,0,0,0,2
1178,,3,0,0.5,0,0.0,0,0,0,1
1179,,1,0,0.5,0,0.0,0,1,4,1
1180,,3,0,0.5,0,0.0,0,0,0,1
1181,,3,0,0.5,0,0.0,0,0,1,1
1182,,1,0,0.5,0,0.0,0,0,3,1
1183,,3,1,0.5,0,0.0,1,0,0,1
1184,,3,0,0.5,0,0.0,0,0,0,1
1185,,1,0,1.0,0,0.0,0,2,4,3
1186,,3,0,0.5,0,0.0,0,0,1,2
1187,,3,0,0.5,0,0.0,0,0,1,1
1188,,2,1,1.0,1,0.0,1,3,3,0
1189,,3,0,0.0,0,0.0,0,2,3,1
1190,,1,0,0.5,0,0.0,0,0,4,1
1191,,3,0,0.5,0,0.0,0,0,0,1
1192,,3,0,0.5,0,0.0,0,0,0,2
1193,,2,0,0.5,0,0.0,0,0,2,1
1194,,2,0,0.5,0,0.0,0,1,2,3
1195,,3,0,0.5,0,0.0,0,0,1,1
1196,,3,1,0.5,0,0.0,1,0,0,0
1197,,1,1,0.5,0,0.0,1,2,3,3
1198,,1,0,1.0,0,0.0,0,3,4,1
1199,,3,0,1.0,1,0.0,1,1,1,0
1200,,1,0,1.0,0,0.0,0,2,4,3
1201,,3,1,0.0,0,0.0,1,1,2,3
1202,,3,0,0.0,0,0.0,0,0,1,0
1203,,3,0,0.5,0,0.0,0,0,0,0
1204,,3,0,0.5,0,0.0,0,0,0,1
1205,,3,1,1.0,0,0.0,1,0,0,3
1206,,1,1,1.0,0,0.0,1,0,4,3
1207,,3,1,0.5,0,0.0,1,0,0,0
1208,,1,0,1.0,0,0.0,0,1,4,3
1209,,2,0,0.5,0,0.0,0,0,1,0
1210,,3,0,1.0,0,0.0,0,0,0,1
1211,,2,0,0.5,0,0.0,0,2,3,0
1212,,3,0,0.5,0,0.0,0,0,0,1
1213,,3,0,0.5,0,0.0,0,0,0,1
1214,,2,0,0.5,0,0.0,0,0,2,1
1215,,1,0,0.5,0,0.0,0,0,3,2
1216,,1,1,1.0,0,0.0,1,0,4,3
1217,,3,0,0.5,0,0.0,0,0,0,1
1218,,2,1,1.0,0,0.0,1,3,3,0
1219,,1,0,1.0,0,0.0,0,0,4,3
1220,,2,0,1.0,0,0.0,0,1,3,1
1221,,2,0,0.5,0,0.0,0,0,2,0
1222,,2,1,1.0,0,0.0,1,2,3,3
1223,,1,0,0.5,0,0.0,0,0,3,3
1224,,3,0,0.5,0,0.0,0,0,0,1
1225,,3,1,1.0,0,0.0,1,2,2,0
1226,,3,0,0.0,0,0.0,0,0,1,1
1227,,1,0,0.5,0,0.0,0,0,3,1
1228,,2,0,0.5,0,0.0,0,0,2,2
1229,,3,0,0.0,0,0.0,0,2,0,3
1230,,2,0,0.5,0,0.0,0,0,3,1
1231,,3,0,0.5,1,0.0,1,0,0,0
1232,,2,0,0.5,0,0.0,0,0,1,0
1233,,3,0,0.5,0,0.0,0,0,0,2
1234,,3,0,0.0,0,0.0,0,10,4,1
1235,,1,1,1.0,0,0.0,1,1,4,3
1236,,3,0,0.0,1,0.6666666666666666,1,2,2,0
1237,,3,1,0.5,0,0.0,1,0,0,0
1238,,2,0,0.5,0,0.0,0,0,2,1
1239,,3,1,0.5,0,0.0,1,0,0,3
1240,,2,0,0.5,0,0.0,0,0,2,1
1241,,2,1,1.0,0,0.0,1,0,2,2
1242,,1,1,1.0,0,0.0,1,1,4,3
1243,,2,0,0.5,0,0.0,0,0,1,1
1244,,2,0,0.0,0,0.0,0,0,4,0
1245,,2,0,1.0,0,0.0,0,3,4,3
1246,,3,1,1.0,1,0.0,1,3,2,0
1247,,1,0,0.5,0,0.0,0,0,3,3
1248,,1,1,1.0,0,0.0,1,2,4,3
1249,,3,0,0.5,0,0.0,0,0,1,1
1250,,3,0,0.5,0,0.0,0,0,0,1
1251,,3,1,0.0,0,0.0,1,1,2,1
1252,,3,0,0.0,0,3.2,1,10,4,0
1253,,2,1,1.0,0,0.0,1,2,3,1
1254,,2,1,0.5,0,0.0,1,0,2,2
1255,,3,0,0.5,0,0.0,0,0,1,1
1256,,1,1,1.0,0,0.0,1,1,4,1
1257,,3,1,0.0,0,0.0,1,10,4,2
1258,,3,0,0.0,0,0.0,0,1,2,1
1259,,3,1,0.0,0,0.0,1,0,3,0
1260,,1,1,0.5,0,0.0,1,1,4,3
1261,,2,0,0.5,0,0.0,0,0,2,1
1262,,2,0,0.0,0,0.0,0,1,2,0
1263,,1,1,1.0,0,0.0,1,0,4,2
1264,,1,0,0.0,0,0.0,0,0,0,3
1265,,2,0,0.5,0,0.0,0,0,2,3
1266,,1,1,1.0,0,0.0,1,2,4,3
1267,,1,1,1.0,0,0.0,1,0,4,3
1268,,3,1,0.0,0,0.0,1,2,1,0
1269,,2,0,0.5,0,0.0,0,0,2,0
1270,,1,0,0.5,0,0.0,0,0,4,3
1271,,3,0,1.0,1,1.6,1,6,3,0
1272,,3,0,0.0,0,0.0,0,0,0,1
1273,,3,0,0.5,0,0.0,0,0,1,1
1274,,3,1,0.0,0,0.0,1,0,2,2
1275,,3,1,0.0,0,0.0,1,1,2,0
1276,,2,0,0.5,0,0.0,0,0,2,1
1277,,2,1,1.0,0,0.0,1,3,4,1
1278,,3,0,0.5,0,0.0,0,0,0,1
1279,,2,0,0.5,0,0.0,0,0,2,3
1280,,3,0,0.0,0,0.0,0,0,0,0
1281,,3,0,0.0,0,2.0,1,4,2,0
1282,,1,0,1.0,0,0.0,0,0,4,1
1283,,1,1,1.0,0,0.0,1,1,3,3
1284,,3,0,1.0,0,0.0,1,2,2,0
1285,,2,0,0.5,0,0.0,0,0,1,3
1286,,3,0,1.0,0,0.0,0,4,3,1
1287,,1,1,0.5,0,0.0,1,1,4,0
1288,,3,0,0.5,0,0.0,0,0,0,1
1289,,1,1,1.0,0,0.0,1,2,4,3
1290,,3,0,0.5,0,0.0,0,0,0,0
1291,,3,0,0.5,0,0.0,0,0,0,2
1292,,1,1,1.0,0,0.0,1,0,4,1
1293,,2,0,0.0,0,0.0,0,1,2,3
1294,,1,1,0.5,0,0.0,1,1,4,0
1295,,1,0,0.0,0,0.0,0,0,4,0
1296,,1,0,0.5,0,0.0,0,1,3,3
1297,,2,0,0.5,0,0.0,0,0,2,0
1298,,2,0,0.5,0,0.0,0,1,1,1
1299,,1,0,0.0,0,0.0,0,2,4,3
1300,,3,1,0.5,0,0.0,1,0,0,0
1301,,3,1,0.5,1,0.0,1,2,2,0
1302,,3,1,0.5,0,0.0,1,0,0,0
1303,,1,1,1.0,0,0.0,1,1,4,3
1304,,3,1,0.5,0,0.0,1,0,0,1
1305,,3,0,0.5,0,0.0,0,0,1,1
1306,,1,1,1.0,0,0.0,1,0,4,3
1307,,3,0,0.5,0,0.0,0,0,0,3
1308,,3,0,0.5,0,0.0,0,0,1,1
1309,,3,0,1.0,1,0.6666666666666666,1,2,3,0
